<?xml version="1.0" encoding="UTF-8"?>
<project-private xmlns="http://www.netbeans.org/ns/project-private/1">
    <editor-bookmarks xmlns="http://www.netbeans.org/ns/editor-bookmarks/2" lastBookmarkId="0"/>
    <open-files xmlns="http://www.netbeans.org/ns/projectui-open-files/2">
        <group>
            <file>file:/E:/Documentos/Universidad/UHU/Uhuniversity/Tercero/PCD/Practica_1/JavaApplication1/src/PCD_Practica1/ICola.java</file>
            <file>file:/E:/Documentos/Universidad/UHU/Uhuniversity/Tercero/PCD/Practica_1/JavaApplication1/src/PCD_Practica1/UsaCola.java</file>
            <file>file:/E:/Documentos/Universidad/UHU/Uhuniversity/Tercero/PCD/Practica_1/JavaApplication1/src/PCD_Practica1/Cola.java</file>
        </group>
    </open-files>
</project-private>
