<?xml version="1.0" encoding="UTF-8"?>
<project-private xmlns="http://www.netbeans.org/ns/project-private/1">
    <editor-bookmarks xmlns="http://www.netbeans.org/ns/editor-bookmarks/2" lastBookmarkId="0"/>
    <open-files xmlns="http://www.netbeans.org/ns/projectui-open-files/2">
        <group>
            <file>file:/E:/Documentos/Universidad/UHU/Uhuniversity/Tercero/PCD/PCD_Practica6/src/pcd_practica6/Cuidador.java</file>
            <file>file:/E:/Documentos/Universidad/UHU/Uhuniversity/Tercero/PCD/PCD_Practica6/src/pcd_practica6/MiCanvas.java</file>
            <file>file:/E:/Documentos/Universidad/UHU/Uhuniversity/Tercero/PCD/PCD_Practica6/src/pcd_practica6/ViajeroMano.java</file>
            <file>file:/E:/Documentos/Universidad/UHU/Uhuniversity/Tercero/PCD/PCD_Practica6/src/pcd_practica6/ViajeroMaleta.java</file>
            <file>file:/E:/Documentos/Universidad/UHU/Uhuniversity/Tercero/PCD/PCD_Practica6/src/pcd_practica6/Frame_Generador.java</file>
        </group>
    </open-files>
</project-private>
