<?xml version="1.0" encoding="UTF-8"?>
<project-private xmlns="http://www.netbeans.org/ns/project-private/1">
    <editor-bookmarks xmlns="http://www.netbeans.org/ns/editor-bookmarks/2" lastBookmarkId="0"/>
    <open-files xmlns="http://www.netbeans.org/ns/projectui-open-files/2">
        <group>
            <file>file:/C:/Users/usuario/Desktop/Juan_Garcia/Proyecto_3/src/proyecto_3/Perro.java</file>
            <file>file:/C:/Users/usuario/Desktop/Juan_Garcia/Proyecto_3/src/proyecto_3/Gato.java</file>
            <file>file:/C:/Users/usuario/Desktop/Juan_Garcia/Proyecto_3/src/proyecto_3/Generador.java</file>
            <file>file:/C:/Users/usuario/Desktop/Juan_Garcia/Proyecto_3/src/proyecto_3/Comedero.java</file>
        </group>
    </open-files>
</project-private>
